<?xml version="1.0" encoding="UTF-8"?>
<!DOCTYPE mapper PUBLIC "-//mybatis.org//DTD Mapper 3.0//EN" "http://mybatis.org/dtd/mybatis-3-mapper.dtd" >


<mapper namespace="com.shadow.dao.IRepayDao">
	<resultMap type="com.shadow.RepayEntity" id="repayMap">
		<id property="id" column="id" />
		<result property="actualShouldRepay" column="actual_should_repay" />
		<result property="borrowId" column="borrow_id" />
		<result property="period" column="period" />
		<result property="repay" column="repay" />
		<result property="shouldRepay" column="should_repay" />
		<result property="shouldRepayNoOnAccount" column="should_repay_no_on_account" />
		<result property="balance" column="balance" />
	</resultMap>

	<select id="queryByBorrowId" parameterType="java.lang.Long"
		resultMap="repayMap">
		select * from dawn.repay where borrow_id = #{borrowId} order by period
	</select>
	
	<select id="queryByBorrowIdAndPeriod" 
		resultMap="repayMap">
		select * from dawn.repay where borrow_id = #{0} and period=#{1}
	</select>


	<select id="queryLatestBalance" resultMap="repayMap">
		SELECT * FROM dawn.`repay` WHERE borrow_id = #{borrowId} AND balance='Y' ORDER BY period DESC LIMIT 1
	</select>
	
	<update id="update" parameterType="com.shadow.RepayEntity">
		update dawn.repay set repay=#{repay},balance=#{balance},actual_should_repay=#{actualShouldRepay} where id = #{id}
	</update>
	
	<insert id="save" parameterType="com.shadow.RepayEntity">
		INSERT INTO `dawn`.`repay`
            (`id`,
             `borrow_id`,
             `period`,
             `should_repay`,
             `should_repay_no_on_account`,
             `actual_should_repay`,
             `repay`,
             `balance`)
	VALUES (#{id},
	        #{borrowId},
	        #{period},
	        #{shouldRepay},
	        #{shouldRepayNoOnAccount},
	        #{actualShouldRepay},
	        #{repay},
	        #{balance})
	</insert>

</mapper>