<?xml version="1.0" encoding="UTF-8"?>
<beans xmlns="http://www.springframework.org/schema/beans"
	xmlns:aop="http://www.springframework.org/schema/aop" xmlns:tx="http://www.springframework.org/schema/tx"
	xmlns:xsi="http://www.w3.org/2001/XMLSchema-instance" xmlns:p="http://www.springframework.org/schema/p"
	xmlns:context="http://www.springframework.org/schema/context"
	xsi:schemaLocation="
http://www.springframework.org/schema/beans
http://www.springframework.org/schema/beans/spring-beans.xsd
 http://www.springframework.org/schema/aop
       http://www.springframework.org/schema/aop/spring-aop.xsd
        http://www.springframework.org/schema/tx
       http://www.springframework.org/schema/tx/spring-tx.xsd
http://www.springframework.org/schema/context
http://www.springframework.org/schema/context/spring-context.xsd">

	<aop:aspectj-autoproxy />
	<context:component-scan base-package="com.shadow" />

	<bean id="propertyPlaceholderConfigurer"
		class="org.springframework.beans.factory.config.PropertyPlaceholderConfigurer">
		<property name="locations">
			<list>
				<value>classpath:config.properties</value>
				<value>classpath:jdbc.properties</value>
			</list>
		</property>
	</bean>

	<bean id="systemVariable" class="com.shadow.biz.component.SystemVariable">
		<property name="baseDir" value="${base_dir}"  />
	</bean>

	<import resource="spring-mybatis.xml" />

	<!-- 任务 -->
	<bean id="jobtask"
		class="org.springframework.scheduling.quartz.MethodInvokingJobDetailFactoryBean">
		<!-- 调用的类 -->
		<property name="targetObject">
			<ref bean="myJob" />
		</property>
		<!-- 调用类中的方法 -->
		<property name="targetMethod">
			<value>executeJob</value>
		</property>
	</bean>

	<!-- 触发器 -->
	<bean id="doTime"
		class="org.springframework.scheduling.quartz.CronTriggerFactoryBean">
		<property name="jobDetail">
			<ref bean="jobtask" />
		</property>
		<!-- cron表达式 -->
		<property name="cronExpression">
			<value>0 6,7,8 * * * ?</value>
		</property>
	</bean>


	<!-- 定时管理器 -->
	<bean id="startQuertz" lazy-init="false" autowire="no"
		class="org.springframework.scheduling.quartz.SchedulerFactoryBean">
		<property name="triggers">
			<list>
				<!-- <ref bean="doTime" /> -->
			</list>
		</property>
	</bean>

</beans>